{
  "$schema": "http://schema.management.azure.com/schemas/2015-01-01/deploymentParameters.json#",
  "contentVersion": "1.0.0.0",
  "parameters": {
    "newStorageAccountName": {
      "value": "sadsciis"
    },
    "vmName": {
      "value": "dsciissrv"
    },
    "iisaction": {
      "value": "Present"  
    },
    "vmSize": {
      "value": "Standard_A2"
    },
    "imageSKU": {
      "value": "2012-R2-Datacenter"
    },
    "adminUsername": {
      "value": "TestAdm"
    },
    "adminPassword": {
      "value": "QWEasd123456789)"
    },
    "modulesUrl": {
      "value": "D:\\Scripts\\dsc-extension-iis-server-windows-vm\\Website.ps1"
    },
    "configurationFunction": {
      "value": "Website.ps1\\Website"
    }
  }
}
